<?xml version="1.0"?>
<doc>
    <assembly>
        <name>FilterApi</name>
    </assembly>
    <members>
        <member name="T:FilterApi.Controllers.FilterController">
            <summary>
            FilterController for filter endpoint
            </summary>
        </member>
        <member name="M:FilterApi.Controllers.FilterController.#ctor(FilterApi.Services.IDataRepository)">
            <summary>
            Dependency injection of DataRepository to read the json data from http location
            </summary>
            <param name="dataRepository"></param>
        </member>
        <member name="M:FilterApi.Controllers.FilterController.Get(System.String,System.String,System.Int32,System.Int32)">
            <summary>
            Accepts a GET request with three optional query parameters to filter products or highlight some words(separated by commas in the query parameter) in their description
            </summary>
            <param name="size"></param>
            <param name="highlight"></param>
            <param name="minPrice"></param>
            <param name="maxPrice"></param>
            <returns>FilterResponse</returns>
        </member>
        <member name="T:FilterApi.Services.DataRepository">
            <summary>
            Class to commect to the http location to read the json data
            </summary>
        </member>
        <member name="M:FilterApi.Services.DataRepository.#ctor(Microsoft.Extensions.Options.IOptions{FilterApi.Models.DataUrlOptions})">
            <summary>
            Constructor takes options parameter to read URL of data
            </summary>
            <param name="options"></param>
        </member>
        <member name="M:FilterApi.Services.DataRepository.GetProducts">
            <summary>
            Reads the list of all products from the given URL in appsettings.json
            </summary>
            <returns>ProductsList</returns>
        </member>
    </members>
</doc>
